Date,Low,Open,Volume,High,Close,Adjusted_Close
02-03-2020,22.8799991607666,22.8799991607666,100,22.8799991607666,22.8799991607666,22.245380401611328
03-03-2020,22.88500022888184,22.899999618530277,200,22.899999618530277,22.88500022888184,22.250244140625
04-03-2020,22.96999931335449,23.024999618530277,900,23.024999618530277,23.01000022888184,22.37177276611328
05-03-2020,22.91200065612793,22.91200065612793,100,22.91200065612793,22.91200065612793,22.27649307250977
06-03-2020,22.785999298095703,22.785999298095703,100,22.785999298095703,22.785999298095703,22.15398597717285
09-03-2020,20.729999542236328,21.31399917602539,3900,22.04700088500977,22.04700088500977,21.435487747192383
10-03-2020,21.40999984741211,22.0,8100,22.049999237060547,21.750999450683597,21.1476993560791
11-03-2020,21.13800048828125,21.367000579833984,300,21.367000579833984,21.13800048828125,20.551700592041016
12-03-2020,19.5,20.07999992370605,17200,20.81999969482422,20.23200035095215,19.67082405090332
13-03-2020,20.709999084472656,20.709999084472656,3700,21.07099914550781,21.07099914550781,20.486557006835938
16-03-2020,20.57999992370605,20.61000061035156,7600,20.809999465942383,20.59000015258789,20.018898010253903
17-03-2020,20.520000457763672,20.540000915527344,900,20.540000915527344,20.524999618530277,19.95570182800293
18-03-2020,19.73500061035156,19.950000762939453,7900,20.121000289916992,19.73500061035156,19.187612533569336
19-03-2020,18.959999084472656,19.21999931335449,6600,19.535999298095703,19.42099952697754,18.88232421875
20-03-2020,19.290000915527344,19.479999542236328,6300,20.18000030517578,19.38999938964844,18.852182388305664
23-03-2020,18.46999931335449,18.979999542236328,9700,19.621000289916992,19.621000289916992,19.07677459716797
24-03-2020,19.309999465942383,19.6200008392334,1700,19.6200008392334,19.3799991607666,18.84245491027832
25-03-2020,17.809999465942383,19.190000534057617,7700,20.0,19.989999771118164,19.4355411529541
26-03-2020,19.850000381469727,19.989999771118164,11200,20.209999084472656,20.01499938964844,19.4598445892334
27-03-2020,19.895999908447266,19.895999908447266,100,19.895999908447266,19.895999908447266,19.344148635864254
30-03-2020,19.790000915527344,19.790000915527344,100,19.790000915527344,19.790000915527344,19.2410888671875
31-03-2020,20.299999237060547,20.299999237060547,1200,20.402000427246094,20.402000427246094,19.836116790771484
01-04-2020,20.277000427246094,20.277000427246094,200,20.277000427246094,20.277000427246094,19.71457862854004
02-04-2020,19.729999542236328,19.729999542236328,700,20.6200008392334,20.299999237060547,19.73694229125977
03-04-2020,20.07900047302246,20.07900047302246,100,20.07900047302246,20.07900047302246,19.52207374572754
06-04-2020,19.76000022888184,19.770000457763672,7500,20.013999938964844,20.013999938964844,19.458873748779297
07-04-2020,19.690000534057617,19.690000534057617,2000,20.40800094604492,20.40800094604492,19.841949462890625
08-04-2020,21.18000030517578,21.18000030517578,100,21.18000030517578,21.18000030517578,20.592533111572266
09-04-2020,21.850000381469727,21.8799991607666,7800,22.020000457763672,21.888999938964844,21.28186798095703
13-04-2020,21.979999542236328,22.07999992370605,2000,22.100000381469727,21.979999542236328,21.370344161987305
14-04-2020,21.84000015258789,21.84000015258789,100,21.84000015258789,21.84000015258789,21.234228134155277
15-04-2020,21.725000381469727,21.725000381469727,100,21.725000381469727,21.725000381469727,21.12242317199707
16-04-2020,21.725000381469727,21.725000381469727,100,21.725000381469727,21.725000381469727,21.12242317199707
17-04-2020,21.825000762939453,21.825000762939453,100,21.825000762939453,21.825000762939453,21.21964454650879
20-04-2020,21.36000061035156,21.36000061035156,100,21.36000061035156,21.36000061035156,20.767541885375977
21-04-2020,21.35400009155273,21.35400009155273,100,21.35400009155273,21.35400009155273,20.76170539855957
22-04-2020,21.44499969482422,21.44499969482422,100,21.44499969482422,21.44499969482422,20.850181579589844
23-04-2020,21.51499938964844,21.51499938964844,100,21.51499938964844,21.51499938964844,20.91824150085449
24-04-2020,21.520000457763672,21.520000457763672,100,21.520000457763672,21.520000457763672,20.923105239868164
27-04-2020,21.48900032043457,21.48900032043457,100,21.48900032043457,21.48900032043457,20.892963409423828
28-04-2020,21.43000030517578,21.43000030517578,100,21.43000030517578,21.43000030517578,20.835599899291992
29-04-2020,20.850000381469727,20.850000381469727,1000,21.479999542236328,21.479999542236328,20.88421440124512
30-04-2020,21.45499992370605,21.45499992370605,100,21.45499992370605,21.45499992370605,20.85990524291992
01-05-2020,21.100000381469727,21.6299991607666,800,21.63999938964844,21.100000381469727,20.57132339477539
04-05-2020,21.1200008392334,21.1200008392334,100,21.1200008392334,21.1200008392334,20.5908203125
05-05-2020,20.858999252319336,20.858999252319336,100,20.858999252319336,20.858999252319336,20.33635711669922
06-05-2020,19.959999084472656,21.170000076293945,7200,21.170000076293945,20.738000869750977,20.218393325805664
07-05-2020,20.833999633789062,20.833999633789062,100,20.833999633789062,20.833999633789062,20.311988830566406
08-05-2020,20.23900032043457,20.23900032043457,200,20.71500015258789,20.71500015258789,20.195968627929688
11-05-2020,20.795000076293945,20.795000076293945,2100,21.01000022888184,20.90999984741211,20.386085510253903
12-05-2020,21.25,21.25,233700,21.375,21.375,20.839431762695312
13-05-2020,21.46999931335449,21.46999931335449,100,21.46999931335449,21.46999931335449,20.932048797607425
14-05-2020,21.518999099731445,21.518999099731445,100,21.518999099731445,21.518999099731445,20.97982406616211
15-05-2020,21.59000015258789,21.59000015258789,100,21.59000015258789,21.59000015258789,21.04904556274414
18-05-2020,21.738000869750977,21.738000869750977,100,21.738000869750977,21.738000869750977,21.193336486816406
19-05-2020,21.82999992370605,21.82999992370605,600,21.854999542236328,21.854999542236328,21.307409286499023
20-05-2020,21.974000930786133,21.974000930786133,100,21.974000930786133,21.974000930786133,21.423423767089844
21-05-2020,21.98699951171875,22.059999465942383,900,22.059999465942383,21.98699951171875,21.43609619140625
22-05-2020,22.01300048828125,22.01300048828125,100,22.01300048828125,22.01300048828125,21.461448669433597
26-05-2020,22.03499984741211,22.03499984741211,0,22.03499984741211,22.03499984741211,21.482892990112305
27-05-2020,22.054000854492188,22.054000854492188,100,22.054000854492188,22.054000854492188,21.50141906738281
28-05-2020,22.065000534057617,22.065000534057617,100,22.065000534057617,22.065000534057617,21.512142181396484
29-05-2020,22.06999969482422,22.06999969482422,100,22.06999969482422,22.06999969482422,21.51701545715332
01-06-2020,22.03199958801269,22.03199958801269,100,22.03199958801269,22.03199958801269,21.51603889465332
02-06-2020,22.03199958801269,22.03199958801269,0,22.03199958801269,22.03199958801269,21.51603889465332
03-06-2020,22.1200008392334,22.1200008392334,0,22.1200008392334,22.1200008392334,21.601978302001957
04-06-2020,22.01000022888184,22.170000076293945,8200,22.18000030517578,22.13999938964844,21.621511459350582
05-06-2020,22.15999984741211,22.15999984741211,1100,22.190000534057617,22.190000534057617,21.670339584350582
08-06-2020,22.165000915527344,22.165000915527344,100,22.165000915527344,22.165000915527344,21.645925521850582
09-06-2020,22.145000457763672,22.145000457763672,100,22.145000457763672,22.145000457763672,21.626394271850582
10-06-2020,22.13400077819824,22.13400077819824,100,22.13400077819824,22.13400077819824,21.61565399169922
11-06-2020,21.920000076293945,21.920000076293945,2900,21.950000762939453,21.940000534057617,21.426197052001957
12-06-2020,22.0,22.0,500,22.075000762939453,22.075000762939453,21.558034896850582
15-06-2020,22.06800079345703,22.06800079345703,200,22.15399932861328,22.15399932861328,21.635183334350582
16-06-2020,22.170000076293945,22.170000076293945,0,22.170000076293945,22.170000076293945,21.65081024169922
17-06-2020,22.184999465942383,22.184999465942383,100,22.184999465942383,22.184999465942383,21.665454864501957
18-06-2020,22.233999252319336,22.233999252319336,100,22.233999252319336,22.233999252319336,21.71331024169922
19-06-2020,22.20499992370605,22.20499992370605,0,22.20499992370605,22.20499992370605,21.68499183654785
22-06-2020,22.200000762939453,22.209999084472656,2200,22.222000122070312,22.222000122070312,21.701589584350582
23-06-2020,22.28499984741211,22.28499984741211,200,22.30500030517578,22.30500030517578,21.78264617919922
24-06-2020,22.190000534057617,22.215999603271484,300,22.215999603271484,22.190000534057617,21.670339584350582
25-06-2020,22.13999938964844,22.149999618530277,400,22.184999465942383,22.184999465942383,21.665454864501957
26-06-2020,22.1299991607666,22.190000534057617,900,22.209999084472656,22.15999984741211,21.641040802001957
29-06-2020,22.170000076293945,22.209999084472656,3700,22.209999084472656,22.170000076293945,21.65081024169922
30-06-2020,22.21999931335449,22.22599983215332,800,22.22599983215332,22.21999931335449,21.699636459350582
01-07-2020,22.28499984741211,22.28499984741211,0,22.28499984741211,22.28499984741211,21.806299209594727
02-07-2020,22.325000762939453,22.325000762939453,0,22.325000762939453,22.325000762939453,21.845436096191406
06-07-2020,22.35400009155273,22.35400009155273,100,22.35400009155273,22.35400009155273,21.87381172180176
07-07-2020,22.38999938964844,22.450000762939453,700,22.450000762939453,22.38999938964844,21.909040451049805
08-07-2020,22.38999938964844,22.420000076293945,100,22.420000076293945,22.38999938964844,21.909040451049805
09-07-2020,22.38999938964844,22.420000076293945,24100,22.51000022888184,22.479999542236328,21.99711036682129
10-07-2020,22.518999099731445,22.569000244140625,100,22.569000244140625,22.518999099731445,22.035268783569336
13-07-2020,22.51099967956543,22.51099967956543,100,22.51099967956543,22.51099967956543,22.027437210083008
14-07-2020,22.549999237060547,22.549999237060547,0,22.549999237060547,22.549999237060547,22.06560516357422
15-07-2020,22.625,22.649999618530277,1100,22.679000854492188,22.625,22.138992309570312
16-07-2020,22.76000022888184,22.76000022888184,100,22.76000022888184,22.76000022888184,22.271095275878903
17-07-2020,22.822999954223636,22.822999954223636,0,22.822999954223636,22.822999954223636,22.332738876342773
20-07-2020,22.8700008392334,22.8700008392334,0,22.8700008392334,22.8700008392334,22.37873268127441
21-07-2020,22.95499992370605,22.95499992370605,100,22.95499992370605,22.95499992370605,22.46190452575684
22-07-2020,23.03499984741211,23.03499984741211,100,23.03499984741211,23.03499984741211,22.540185928344727
23-07-2020,23.089000701904297,23.089000701904297,0,23.089000701904297,23.089000701904297,22.59303092956543
24-07-2020,23.104999542236328,23.104999542236328,0,23.104999542236328,23.104999542236328,22.608680725097656
27-07-2020,22.899999618530277,23.100000381469727,8500,23.100000381469727,23.075000762939453,22.579326629638672
28-07-2020,23.058000564575195,23.058000564575195,100,23.058000564575195,23.058000564575195,22.562692642211918
29-07-2020,23.0939998626709,23.100000381469727,500,23.100000381469727,23.0939998626709,22.597923278808597
30-07-2020,23.11400032043457,23.13999938964844,100,23.13999938964844,23.11400032043457,22.617490768432617
31-07-2020,23.149999618530277,23.149999618530277,500,23.183000564575195,23.183000564575195,22.685007095336918
03-08-2020,23.11000061035156,23.1200008392334,2500,23.155000686645508,23.155000686645508,22.700693130493164
04-08-2020,23.11000061035156,23.18000030517578,7300,23.200000762939453,23.184999465942383,22.730104446411133
05-08-2020,23.09000015258789,23.149999618530277,800,23.170000076293945,23.170000076293945,22.71539878845215
06-08-2020,23.194000244140625,23.21999931335449,1000,23.21999931335449,23.194000244140625,22.738927841186523
07-08-2020,23.209999084472656,23.209999084472656,500,23.209999084472656,23.209999084472656,22.75461196899414
10-08-2020,23.229999542236328,23.25,6400,23.2549991607666,23.2549991607666,22.79872703552246
11-08-2020,23.07999992370605,23.25,17000,23.309999465942383,23.089000701904297,22.6359920501709
12-08-2020,22.920000076293945,22.920000076293945,300,22.93000030517578,22.93000030517578,22.48011016845703
13-08-2020,22.78400039672852,22.78400039672852,100,22.78400039672852,22.78400039672852,22.336973190307617
14-08-2020,22.61899948120117,22.61899948120117,100,22.61899948120117,22.61899948120117,22.17520904541016
17-08-2020,22.59000015258789,22.61000061035156,1900,22.6299991607666,22.6299991607666,22.185991287231445
18-08-2020,22.540000915527344,22.57999992370605,11200,22.6200008392334,22.59000015258789,22.146778106689453
19-08-2020,22.350000381469727,22.350000381469727,9100,22.625999450683597,22.625999450683597,22.182071685791016
20-08-2020,22.711000442504883,22.711000442504883,0,22.711000442504883,22.711000442504883,22.265405654907227
21-08-2020,22.56999969482422,22.56999969482422,2000,22.749000549316406,22.749000549316406,22.30265998840332
24-08-2020,22.83300018310547,22.83300018310547,100,22.83300018310547,22.83300018310547,22.385009765625
25-08-2020,22.84000015258789,22.84000015258789,2500,22.8799991607666,22.8700008392334,22.42128562927246
26-08-2020,22.770000457763672,22.8799991607666,11900,22.8799991607666,22.864999771118164,22.4163818359375
27-08-2020,22.69499969482422,22.8799991607666,10500,22.88999938964844,22.69499969482422,22.249717712402344
28-08-2020,22.47599983215332,22.47599983215332,100,22.47599983215332,22.47599983215332,22.03501510620117
31-08-2020,22.3799991607666,22.3799991607666,800,22.59000015258789,22.59000015258789,22.146778106689453
01-09-2020,22.540000915527344,22.549999237060547,11500,22.670000076293945,22.670000076293945,22.268585205078125
02-09-2020,22.757999420166016,22.757999420166016,100,22.757999420166016,22.757999420166016,22.355024337768555
03-09-2020,22.724000930786133,22.724000930786133,100,22.724000930786133,22.724000930786133,22.321626663208008
04-09-2020,22.74399948120117,22.74399948120117,100,22.74399948120117,22.74399948120117,22.341272354125977
08-09-2020,22.649999618530277,22.709999084472656,700,22.799999237060547,22.78400039672852,22.380563735961918
09-09-2020,22.815000534057617,22.815000534057617,100,22.815000534057617,22.815000534057617,22.41101837158203
10-09-2020,22.700000762939453,22.809999465942383,4000,22.809999465942383,22.7189998626709,22.31671524047852
11-09-2020,22.61899948120117,22.670000076293945,900,22.68000030517578,22.61899948120117,22.21848487854004
14-09-2020,22.599000930786133,22.599000930786133,0,22.599000930786133,22.599000930786133,22.19883918762207
15-09-2020,22.549999237060547,22.549999237060547,5000,22.5939998626709,22.5939998626709,22.19392967224121
16-09-2020,22.60400009155273,22.60400009155273,100,22.60400009155273,22.60400009155273,22.20375061035156
17-09-2020,22.624000549316406,22.624000549316406,100,22.624000549316406,22.624000549316406,22.22339630126953
18-09-2020,22.5939998626709,22.5939998626709,0,22.5939998626709,22.5939998626709,22.19392967224121
21-09-2020,22.61000061035156,22.61000061035156,100,22.61000061035156,22.61000061035156,22.209646224975582
22-09-2020,22.56999969482422,22.57999992370605,4700,22.6299991607666,22.57999992370605,22.180173873901367
23-09-2020,22.47900009155273,22.549999237060547,3000,22.549999237060547,22.47900009155273,22.080963134765625
24-09-2020,22.450000762939453,22.479999542236328,7400,22.5,22.5,22.101593017578125
25-09-2020,22.34000015258789,22.34000015258789,1000,22.475000381469727,22.475000381469727,22.07703399658203
28-09-2020,22.57999992370605,22.57999992370605,100,22.57999992370605,22.57999992370605,22.180173873901367
29-09-2020,22.665000915527344,22.700000762939453,400,22.700000762939453,22.665000915527344,22.263673782348636
30-09-2020,22.674999237060547,22.700000762939453,2900,22.75,22.674999237060547,22.27349281311035
01-10-2020,22.63999938964844,22.649999618530277,200,22.667999267578125,22.667999267578125,22.309907913208008
02-10-2020,22.6200008392334,22.6200008392334,100,22.6200008392334,22.6200008392334,22.262672424316406
05-10-2020,22.549999237060547,22.71999931335449,6900,22.71999931335449,22.549999237060547,22.193775177001957
06-10-2020,22.56999969482422,22.56999969482422,100,22.56999969482422,22.56999969482422,22.213459014892575
07-10-2020,22.617000579833984,22.617000579833984,0,22.617000579833984,22.617000579833984,22.25971794128418
08-10-2020,22.5629997253418,22.5629997253418,100,22.5629997253418,22.5629997253418,22.206567764282227
09-10-2020,22.53899955749512,22.53899955749512,100,22.53899955749512,22.53899955749512,22.182945251464844
12-10-2020,22.569000244140625,22.569000244140625,100,22.569000244140625,22.569000244140625,22.21247673034668
13-10-2020,22.549999237060547,22.549999237060547,200,22.549999237060547,22.549999237060547,22.193775177001957
14-10-2020,22.530000686645508,22.530000686645508,2200,22.549999237060547,22.549999237060547,22.193775177001957
15-10-2020,22.540000915527344,22.540000915527344,2100,22.58799934387207,22.58799934387207,22.231172561645508
16-10-2020,22.61599922180176,22.61599922180176,100,22.61599922180176,22.61599922180176,22.258731842041016
19-10-2020,22.649999618530277,22.649999618530277,0,22.649999618530277,22.649999618530277,22.29219436645508
20-10-2020,22.66699981689453,22.698999404907227,2700,22.700000762939453,22.690000534057617,22.33156013488769
21-10-2020,22.63999938964844,22.649999618530277,3400,22.69499969482422,22.674999237060547,22.31679916381836
22-10-2020,22.540000915527344,22.670000076293945,3200,22.68000030517578,22.540000915527344,22.183931350708008
23-10-2020,22.4950008392334,22.4950008392334,0,22.4950008392334,22.4950008392334,22.13964462280273
26-10-2020,22.3700008392334,22.40999984741211,11800,22.43000030517578,22.405000686645508,22.05106544494629
27-10-2020,22.350000381469727,22.36000061035156,6600,22.57999992370605,22.499000549316406,22.14358139038086
28-10-2020,22.440000534057617,22.440000534057617,100,22.440000534057617,22.440000534057617,22.085512161254883
29-10-2020,22.52400016784668,22.52400016784668,100,22.52400016784668,22.52400016784668,22.16818618774414
30-10-2020,22.450000762939453,22.489999771118164,12200,22.530000686645508,22.47900009155273,22.123897552490234
02-11-2020,22.43000030517578,22.43000030517578,100,22.43000030517578,22.43000030517578,22.119953155517575
03-11-2020,22.44499969482422,22.44499969482422,100,22.44499969482422,22.44499969482422,22.134742736816406
04-11-2020,22.59499931335449,22.65999984741211,8700,22.65999984741211,22.59499931335449,22.28266906738281
05-11-2020,22.739999771118164,23.38999938964844,800,23.38999938964844,22.739999771118164,22.425668716430664
06-11-2020,22.700000762939453,22.950000762939453,7500,22.950000762939453,22.768999099731445,22.45426177978516
09-11-2020,22.545000076293945,22.709999084472656,9100,22.770000457763672,22.545000076293945,22.23336410522461
10-11-2020,22.25,22.270000457763672,14000,22.47599983215332,22.47599983215332,22.16531562805176
11-11-2020,22.481000900268555,22.481000900268555,100,22.481000900268555,22.481000900268555,22.170249938964844
12-11-2020,22.3799991607666,22.3799991607666,5000,22.535999298095703,22.535999298095703,22.224485397338867
13-11-2020,22.520000457763672,22.520000457763672,100,22.624000549316406,22.624000549316406,22.31126976013184
16-11-2020,22.65699958801269,22.709999084472656,3400,22.729999542236328,22.65699958801269,22.343812942504883
17-11-2020,22.636999130249023,22.636999130249023,100,22.636999130249023,22.636999130249023,22.32408905029297
18-11-2020,22.614999771118164,22.63999938964844,3000,22.63999938964844,22.614999771118164,22.302392959594727
19-11-2020,22.61000061035156,22.61000061035156,12300,22.756000518798828,22.756000518798828,22.44144630432129
20-11-2020,22.83300018310547,22.83300018310547,100,22.83300018310547,22.83300018310547,22.51738166809082
23-11-2020,22.856000900268555,22.899999618530277,800,22.899999618530277,22.891000747680664,22.5745792388916
24-11-2020,22.8700008392334,22.8700008392334,1800,22.90999984741211,22.875,22.558799743652344
25-11-2020,22.81999969482422,22.920000076293945,1600,22.920000076293945,22.822999954223636,22.50752067565918
27-11-2020,22.81999969482422,22.81999969482422,0,22.81999969482422,22.81999969482422,22.50456047058105
30-11-2020,22.84000015258789,22.90999984741211,100,22.90999984741211,22.84000015258789,22.52428436279297
01-12-2020,22.75,22.770000457763672,500,22.785999298095703,22.785999298095703,22.514402389526367
02-12-2020,22.739999771118164,22.739999771118164,100,22.739999771118164,22.739999771118164,22.46895217895508
03-12-2020,22.77899932861328,22.77899932861328,100,22.77899932861328,22.77899932861328,22.50748634338379
04-12-2020,22.71500015258789,22.770000457763672,2100,22.8700008392334,22.71500015258789,22.444250106811523
07-12-2020,22.69099998474121,22.69099998474121,100,22.69099998474121,22.69099998474121,22.42053604125977
08-12-2020,22.709999084472656,22.71999931335449,11900,22.75,22.75,22.478832244873047
09-12-2020,22.625,22.625,100,22.625,22.625,22.355321884155277
10-12-2020,22.613000869750977,22.670000076293945,800,22.71999931335449,22.613000869750977,22.34346580505371
11-12-2020,22.63500022888184,22.709999084472656,8900,22.76000022888184,22.63500022888184,22.365203857421875
14-12-2020,22.732999801635746,22.732999801635746,0,22.732999801635746,22.732999801635746,22.462034225463867
15-12-2020,22.775999069213867,22.775999069213867,100,22.775999069213867,22.775999069213867,22.5045223236084
16-12-2020,22.770000457763672,22.780000686645508,26800,22.86000061035156,22.799999237060547,22.52823638916016
17-12-2020,22.795000076293945,22.799999237060547,3400,22.8129997253418,22.8129997253418,22.541078567504883
18-12-2020,22.77899932861328,22.77899932861328,0,22.77899932861328,22.77899932861328,22.50748634338379
21-12-2020,22.809999465942383,22.809999465942383,100,22.809999465942383,22.809999465942383,22.53811454772949
22-12-2020,22.76300048828125,22.76300048828125,100,22.76300048828125,22.76300048828125,22.537128448486328
23-12-2020,22.700000762939453,22.709999084472656,300,22.82099914550781,22.82099914550781,22.59455108642578
24-12-2020,22.76099967956543,22.76099967956543,0,22.76099967956543,22.76099967956543,22.53514671325684
28-12-2020,22.81100082397461,22.81100082397461,100,22.81100082397461,22.81100082397461,22.58464813232422
29-12-2020,22.780000686645508,22.780000686645508,2300,22.81999969482422,22.81800079345703,22.59158134460449
30-12-2020,22.82999992370605,22.82999992370605,200,22.833999633789062,22.833999633789062,22.607421875
31-12-2020,22.87299919128418,22.87299919128418,100,22.87299919128418,22.87299919128418,22.64603614807129
04-01-2021,22.790000915527344,22.81999969482422,200,22.81999969482422,22.790000915527344,22.563859939575195
05-01-2021,22.780000686645508,22.780000686645508,100,22.780000686645508,22.780000686645508,22.553958892822266
06-01-2021,22.459999084472656,22.75,5300,22.75,22.4950008392334,22.271785736083984
07-01-2021,22.47100067138672,22.47100067138672,0,22.47100067138672,22.47100067138672,22.24802589416504
08-01-2021,22.399999618530277,22.399999618530277,7800,22.475000381469727,22.475000381469727,22.25198554992676
11-01-2021,22.399999618530277,22.399999618530277,2800,22.43000030517578,22.43000030517578,22.20743179321289
12-01-2021,22.36000061035156,22.3700008392334,10200,22.43000030517578,22.38500022888184,22.162879943847656
13-01-2021,22.299999237060547,22.31999969482422,11400,22.559999465942383,22.549999237060547,22.32624053955078
14-01-2021,22.59499931335449,22.59499931335449,0,22.59499931335449,22.59499931335449,22.370792388916016
15-01-2021,22.600000381469727,22.600000381469727,0,22.600000381469727,22.600000381469727,22.3757438659668
19-01-2021,21.989999771118164,21.989999771118164,1200,22.683000564575195,22.683000564575195,22.45792007446289
20-01-2021,22.60700035095215,22.60700035095215,800,22.665000915527344,22.665000915527344,22.440099716186523
21-01-2021,22.55500030517578,22.55500030517578,1500,22.55500030517578,22.55500030517578,22.33119201660156
22-01-2021,22.559999465942383,22.559999465942383,0,22.559999465942383,22.559999465942383,22.33613967895508
25-01-2021,22.625,22.625,0,22.625,22.625,22.40049743652344
26-01-2021,22.625,22.625,0,22.625,22.625,22.40049743652344
27-01-2021,22.604999542236328,22.604999542236328,1500,22.604999542236328,22.604999542236328,22.380695343017575
28-01-2021,22.575000762939453,22.575000762939453,0,22.575000762939453,22.575000762939453,22.350994110107425
29-01-2021,22.525999069213867,22.525999069213867,0,22.525999069213867,22.525999069213867,22.302474975585938
01-02-2021,22.507999420166016,22.507999420166016,400,22.51499938964844,22.51499938964844,22.33620834350586
02-02-2021,22.48500061035156,22.48500061035156,0,22.48500061035156,22.48500061035156,22.30644798278809
03-02-2021,22.450000762939453,22.450000762939453,100,22.450000762939453,22.450000762939453,22.27172470092773
04-02-2021,22.43000030517578,22.43000030517578,100,22.43000030517578,22.43000030517578,22.25188636779785
05-02-2021,22.402999877929688,22.530000686645508,700,22.530000686645508,22.402999877929688,22.22509765625
08-02-2021,22.459999084472656,22.459999084472656,100,22.459999084472656,22.459999084472656,22.281646728515625
09-02-2021,22.399999618530277,22.5,3900,22.5,22.479999542236328,22.30148696899414
10-02-2021,22.5049991607666,22.600000381469727,200,22.600000381469727,22.5049991607666,22.3262882232666
11-02-2021,22.450000762939453,22.476999282836918,300,22.476999282836918,22.450000762939453,22.27172470092773
12-02-2021,22.3700008392334,22.3700008392334,100,22.3700008392334,22.3700008392334,22.19236183166504
16-02-2021,22.274999618530277,22.274999618530277,100,22.274999618530277,22.274999618530277,22.098115921020508
17-02-2021,22.325000762939453,22.325000762939453,100,22.325000762939453,22.325000762939453,22.14771842956543
18-02-2021,22.315000534057617,22.315000534057617,0,22.315000534057617,22.315000534057617,22.13779640197754
19-02-2021,22.19499969482422,22.19499969482422,100,22.19499969482422,22.19499969482422,22.018749237060547
22-02-2021,22.06999969482422,22.06999969482422,100,22.06999969482422,22.06999969482422,21.89474296569824
23-02-2021,22.020000457763672,22.020000457763672,0,22.020000457763672,22.020000457763672,21.84514045715332
24-02-2021,22.040000915527344,22.040000915527344,200,22.05500030517578,22.05500030517578,21.87986183166504
25-02-2021,21.770000457763672,21.851999282836918,100,21.851999282836918,21.770000457763672,21.59712600708008
26-02-2021,21.9950008392334,21.9950008392334,100,21.9950008392334,21.9950008392334,21.82033920288086
01-03-2021,21.97599983215332,21.97599983215332,100,21.97599983215332,21.97599983215332,21.845190048217773
02-03-2021,21.92200088500977,21.92200088500977,2400,22.0,22.0,21.869047164916992
03-03-2021,21.9950008392334,22.020000457763672,300,22.020000457763672,21.9950008392334,21.864076614379883
04-03-2021,21.676000595092773,21.676000595092773,100,21.676000595092773,21.676000595092773,21.54697608947754
05-03-2021,21.652999877929688,21.652999877929688,100,21.652999877929688,21.652999877929688,21.524112701416016
08-03-2021,21.53499984741211,21.53499984741211,100,21.53499984741211,21.53499984741211,21.406814575195312
09-03-2021,21.57999992370605,21.57999992370605,100,21.57999992370605,21.57999992370605,21.45154571533203
10-03-2021,21.70499992370605,21.70499992370605,100,21.70499992370605,21.70499992370605,21.575801849365234
11-03-2021,21.670000076293945,21.670000076293945,300,21.739999771118164,21.739999771118164,21.610593795776367
12-03-2021,21.51000022888184,21.51000022888184,100,21.51000022888184,21.51000022888184,21.38196182250977
15-03-2021,21.549999237060547,21.549999237060547,100,21.566999435424805,21.566999435424805,21.438623428344727
16-03-2021,21.56999969482422,21.57999992370605,1400,21.57999992370605,21.57099914550781,21.44260025024414
17-03-2021,21.565000534057617,21.565000534057617,0,21.565000534057617,21.565000534057617,21.436635971069336
18-03-2021,21.450000762939453,21.450000762939453,200,21.457000732421875,21.457000732421875,21.329280853271484
19-03-2021,21.4379997253418,21.4379997253418,600,21.459999084472656,21.459999084472656,21.33226203918457
22-03-2021,21.55699920654297,21.55699920654297,1100,21.55699920654297,21.55699920654297,21.42868423461914
23-03-2021,21.586000442504883,21.586000442504883,0,21.586000442504883,21.586000442504883,21.45751190185547
24-03-2021,21.57999992370605,21.57999992370605,100,21.645000457763672,21.645000457763672,21.51616096496582
25-03-2021,21.63999938964844,21.63999938964844,0,21.63999938964844,21.63999938964844,21.51118850708008
26-03-2021,21.600000381469727,21.600000381469727,100,21.600000381469727,21.600000381469727,21.47142791748047
29-03-2021,21.57999992370605,21.57999992370605,100,21.57999992370605,21.57999992370605,21.45154571533203
30-03-2021,21.624000549316406,21.624000549316406,0,21.624000549316406,21.624000549316406,21.49528312683105
31-03-2021,21.683000564575195,21.683000564575195,0,21.683000564575195,21.683000564575195,21.55393409729004
01-04-2021,21.72800064086914,21.72800064086914,1200,21.75,21.739999771118164,21.65453720092773
05-04-2021,21.65999984741211,21.65999984741211,100,21.65999984741211,21.65999984741211,21.57485008239746
06-04-2021,21.700000762939453,21.700000762939453,400,21.76499938964844,21.76499938964844,21.6794376373291
07-04-2021,21.731000900268555,21.731000900268555,100,21.731000900268555,21.731000900268555,21.64557266235352
08-04-2021,21.766000747680664,21.78199958801269,100,21.78199958801269,21.766000747680664,21.680435180664062
09-04-2021,21.739999771118164,21.739999771118164,700,21.780000686645508,21.780000686645508,21.694379806518555
12-04-2021,21.766000747680664,21.790000915527344,500,21.790000915527344,21.766000747680664,21.680435180664062
13-04-2021,21.840999603271484,21.840999603271484,100,21.840999603271484,21.840999603271484,21.7551383972168
14-04-2021,21.82999992370605,21.82999992370605,100,21.82999992370605,21.82999992370605,21.74418258666992
15-04-2021,21.95499992370605,21.95499992370605,100,21.95499992370605,21.95499992370605,21.868690490722656
16-04-2021,21.808000564575195,21.808000564575195,0,21.808000564575195,21.808000564575195,21.72226905822754
19-04-2021,21.76000022888184,21.76000022888184,0,21.76000022888184,21.76000022888184,21.674457550048828
20-04-2021,21.81999969482422,21.81999969482422,100,21.81999969482422,21.81999969482422,21.73422241210937
21-04-2021,21.856000900268555,21.856000900268555,100,21.856000900268555,21.856000900268555,21.770082473754883
22-04-2021,21.895999908447266,21.895999908447266,100,21.895999908447266,21.895999908447266,21.80992317199707
23-04-2021,21.924999237060547,21.924999237060547,100,21.924999237060547,21.924999237060547,21.838808059692383
26-04-2021,21.93000030517578,21.93000030517578,0,21.93000030517578,21.93000030517578,21.84379005432129
27-04-2021,21.81999969482422,21.81999969482422,0,21.81999969482422,21.81999969482422,21.73422241210937
28-04-2021,21.81100082397461,21.81100082397461,100,21.81100082397461,21.81100082397461,21.72525787353516
29-04-2021,21.770000457763672,21.770000457763672,1500,21.799999237060547,21.799999237060547,21.71430015563965
30-04-2021,21.81999969482422,21.81999969482422,100,21.81999969482422,21.81999969482422,21.73422241210937
03-05-2021,21.825000762939453,21.825000762939453,100,21.825000762939453,21.825000762939453,21.782127380371094
04-05-2021,21.81999969482422,21.81999969482422,700,21.826000213623047,21.826000213623047,21.78312492370605
05-05-2021,21.79700088500977,21.79700088500977,100,21.79700088500977,21.79700088500977,21.75418281555176
06-05-2021,21.809999465942383,21.850000381469727,10300,21.8700008392334,21.850000381469727,21.807079315185547
07-05-2021,21.840999603271484,21.850000381469727,5100,21.90999984741211,21.840999603271484,21.798095703125
10-05-2021,21.799999237060547,21.799999237060547,100,21.826000213623047,21.826000213623047,21.78312492370605
11-05-2021,21.739999771118164,21.780000686645508,14400,21.86000061035156,21.799999237060547,21.75717544555664
12-05-2021,21.649999618530277,21.770000457763672,21400,21.780000686645508,21.655000686645508,21.61246109008789
13-05-2021,21.649999618530277,21.649999618530277,4100,21.690000534057617,21.68000030517578,21.637413024902344
14-05-2021,21.76000022888184,21.76000022888184,2600,21.770000457763672,21.76000022888184,21.717254638671875
17-05-2021,21.739999771118164,21.75,3600,21.75,21.75,21.707275390625
18-05-2021,21.690000534057617,21.690000534057617,2400,21.690000534057617,21.690000534057617,21.64739227294922
19-05-2021,21.6299991607666,21.6299991607666,200,21.649999618530277,21.649999618530277,21.607471466064453
20-05-2021,21.790000915527344,21.790000915527344,100,21.790000915527344,21.790000915527344,21.74719619750977
21-05-2021,21.790000915527344,21.790000915527344,100,21.790000915527344,21.790000915527344,21.74719619750977
24-05-2021,21.84499931335449,21.84499931335449,100,21.84499931335449,21.84499931335449,21.80208778381348
25-05-2021,21.88999938964844,21.88999938964844,0,21.88999938964844,21.88999938964844,21.84699821472168
26-05-2021,21.8700008392334,21.8700008392334,400,21.886999130249023,21.886999130249023,21.844003677368164
27-05-2021,21.850000381469727,21.850000381469727,100,21.850000381469727,21.850000381469727,21.807079315185547
28-05-2021,21.88999938964844,21.88999938964844,100,21.88999938964844,21.88999938964844,21.84699821472168
01-06-2021,21.819000244140625,21.819000244140625,100,21.819000244140625,21.819000244140625,21.819000244140625
02-06-2021,21.86000061035156,21.86000061035156,100,21.86000061035156,21.86000061035156,21.86000061035156
03-06-2021,21.76000022888184,21.76000022888184,400,21.790000915527344,21.790000915527344,21.790000915527344
04-06-2021,21.899999618530277,21.899999618530277,100,21.899999618530277,21.899999618530277,21.899999618530277
07-06-2021,21.8700008392334,21.8700008392334,200,21.9060001373291,21.9060001373291,21.9060001373291
08-06-2021,21.958999633789062,21.958999633789062,100,21.958999633789062,21.958999633789062,21.958999633789062
09-06-2021,22.01000022888184,22.01000022888184,100,22.030000686645508,22.030000686645508,22.030000686645508
10-06-2021,22.049999237060547,22.049999237060547,200,22.10300064086914,22.10300064086914,22.10300064086914
11-06-2021,22.11000061035156,22.11000061035156,200,22.136999130249023,22.136999130249023,22.136999130249023
14-06-2021,22.040000915527344,22.040000915527344,100,22.040000915527344,22.040000915527344,22.040000915527344
15-06-2021,22.075000762939453,22.075000762939453,0,22.075000762939453,22.075000762939453,22.075000762939453
16-06-2021,22.024999618530277,22.024999618530277,0,22.024999618530277,22.024999618530277,22.024999618530277
17-06-2021,22.13999938964844,22.13999938964844,0,22.13999938964844,22.13999938964844,22.13999938964844
18-06-2021,22.20199966430664,22.20199966430664,0,22.20199966430664,22.20199966430664,22.20199966430664
21-06-2021,22.1299991607666,22.1299991607666,0,22.1299991607666,22.1299991607666,22.1299991607666
22-06-2021,22.13500022888184,22.13500022888184,0,22.13500022888184,22.13500022888184,22.13500022888184
23-06-2021,22.125,22.125,100,22.125,22.125,22.125
24-06-2021,22.152000427246094,22.152000427246094,100,22.152000427246094,22.152000427246094,22.152000427246094
25-06-2021,22.06999969482422,22.06999969482422,700,22.07999992370605,22.07999992370605,22.07999992370605
28-06-2021,22.200000762939453,22.229999542236328,800,22.229999542236328,22.200000762939453,22.200000762939453
29-06-2021,22.18000030517578,22.18000030517578,1600,22.18000030517578,22.18000030517578,22.18000030517578
30-06-2021,22.24099922180176,22.24099922180176,0,22.24099922180176,22.24099922180176,22.24099922180176
01-07-2021,22.15399932861328,22.15399932861328,100,22.15399932861328,22.15399932861328,22.15399932861328
02-07-2021,22.229999542236328,22.229999542236328,1600,22.229999542236328,22.229999542236328,22.229999542236328
06-07-2021,22.239999771118164,22.26000022888184,15400,22.309999465942383,22.274999618530277,22.274999618530277
07-07-2021,22.309999465942383,22.31999969482422,12100,22.3700008392334,22.36000061035156,22.36000061035156
08-07-2021,22.299999237060547,22.31999969482422,16800,22.405000686645508,22.405000686645508,22.405000686645508
09-07-2021,22.31999969482422,22.36000061035156,300,22.36000061035156,22.31999969482422,22.31999969482422
12-07-2021,22.309999465942383,22.309999465942383,100,22.309999465942383,22.309999465942383,22.309999465942383
13-07-2021,22.23500061035156,22.23500061035156,100,22.23500061035156,22.23500061035156,22.23500061035156
14-07-2021,22.31999969482422,22.31999969482422,100,22.31999969482422,22.31999969482422,22.31999969482422
15-07-2021,22.32999992370605,22.32999992370605,200,22.36000061035156,22.36000061035156,22.36000061035156
16-07-2021,22.32999992370605,22.32999992370605,100,22.364999771118164,22.364999771118164,22.364999771118164
19-07-2021,22.45499992370605,22.45499992370605,200,22.48500061035156,22.48500061035156,22.48500061035156
20-07-2021,22.450000762939453,22.51000022888184,1300,22.51000022888184,22.479999542236328,22.479999542236328
21-07-2021,22.395000457763672,22.40999984741211,500,22.40999984741211,22.395000457763672,22.395000457763672
22-07-2021,22.450000762939453,22.450000762939453,100,22.450000762939453,22.450000762939453,22.450000762939453
23-07-2021,22.452999114990234,22.452999114990234,0,22.452999114990234,22.452999114990234,22.452999114990234
26-07-2021,22.40999984741211,22.40999984741211,100,22.424999237060547,22.424999237060547,22.424999237060547
27-07-2021,22.46999931335449,22.46999931335449,200,22.46999931335449,22.46999931335449,22.46999931335449
28-07-2021,22.51099967956543,22.51099967956543,0,22.51099967956543,22.51099967956543,22.51099967956543
29-07-2021,22.474000930786133,22.5,19100,22.51000022888184,22.474000930786133,22.474000930786133
30-07-2021,22.489999771118164,22.489999771118164,0,22.489999771118164,22.489999771118164,22.489999771118164
02-08-2021,22.49799919128418,22.49799919128418,100,22.51000022888184,22.51000022888184,22.51000022888184
03-08-2021,22.5,22.5,200,22.520000457763672,22.520000457763672,22.520000457763672
04-08-2021,22.524999618530277,22.524999618530277,0,22.524999618530277,22.524999618530277,22.524999618530277
05-08-2021,22.44499969482422,22.459999084472656,100,22.459999084472656,22.44499969482422,22.44499969482422
06-08-2021,22.30900001525879,22.30900001525879,0,22.30900001525879,22.30900001525879,22.30900001525879
09-08-2021,22.21999931335449,23.420000076293945,300,23.420000076293945,22.21999931335449,22.21999931335449
10-08-2021,22.174999237060547,22.174999237060547,100,22.174999237060547,22.174999237060547,22.174999237060547
11-08-2021,22.200000762939453,22.200000762939453,100,22.200000762939453,22.200000762939453,22.200000762939453
12-08-2021,22.15999984741211,22.15999984741211,900,22.2450008392334,22.229999542236328,22.229999542236328
13-08-2021,22.33300018310547,22.33300018310547,100,22.33300018310547,22.33300018310547,22.33300018310547
16-08-2021,22.38500022888184,22.38500022888184,100,22.38500022888184,22.38500022888184,22.38500022888184
17-08-2021,22.315000534057617,22.350000381469727,8600,22.36000061035156,22.31999969482422,22.31999969482422
18-08-2021,22.31999969482422,22.31999969482422,0,22.31999969482422,22.31999969482422,22.31999969482422
19-08-2021,22.350000381469727,22.350000381469727,100,22.350000381469727,22.350000381469727,22.350000381469727
20-08-2021,22.4060001373291,22.4060001373291,0,22.4060001373291,22.4060001373291,22.4060001373291
23-08-2021,22.413000106811523,22.413000106811523,100,22.413000106811523,22.413000106811523,22.413000106811523
24-08-2021,22.34000015258789,22.3700008392334,700,22.3700008392334,22.34000015258789,22.34000015258789
25-08-2021,22.280000686645508,22.280000686645508,100,22.280000686645508,22.280000686645508,22.280000686645508
26-08-2021,22.290000915527344,22.290000915527344,700,22.32999992370605,22.295000076293945,22.295000076293945
27-08-2021,22.375,22.375,100,22.375,22.375,22.375
30-08-2021,22.420000076293945,22.420000076293945,0,22.420000076293945,22.420000076293945,22.420000076293945
31-08-2021,22.38500022888184,22.38500022888184,100,22.38500022888184,22.38500022888184,22.38500022888184
01-09-2021,22.34499931335449,22.34499931335449,0,22.34499931335449,22.34499931335449,22.34499931335449
02-09-2021,22.375,22.375,100,22.375,22.375,22.375
03-09-2021,22.32999992370605,22.32999992370605,100,22.32999992370605,22.32999992370605,22.32999992370605
07-09-2021,22.225000381469727,22.225000381469727,100,22.225000381469727,22.225000381469727,22.225000381469727
08-09-2021,22.274999618530277,22.274999618530277,100,22.274999618530277,22.274999618530277,22.274999618530277
09-09-2021,22.405000686645508,22.405000686645508,100,22.405000686645508,22.405000686645508,22.405000686645508
10-09-2021,22.356000900268555,22.356000900268555,100,22.356000900268555,22.356000900268555,22.356000900268555
13-09-2021,22.395000457763672,22.395000457763672,100,22.395000457763672,22.395000457763672,22.395000457763672
14-09-2021,22.45499992370605,22.45499992370605,0,22.45499992370605,22.45499992370605,22.45499992370605
15-09-2021,22.44499969482422,22.44499969482422,100,22.44499969482422,22.44499969482422,22.44499969482422
16-09-2021,22.420000076293945,22.420000076293945,0,22.420000076293945,22.420000076293945,22.420000076293945
17-09-2021,22.35099983215332,22.35099983215332,0,22.35099983215332,22.35099983215332,22.35099983215332
20-09-2021,22.417999267578125,22.417999267578125,100,22.417999267578125,22.417999267578125,22.417999267578125
21-09-2021,22.420000076293945,22.420000076293945,200,22.420000076293945,22.420000076293945,22.420000076293945
22-09-2021,22.45499992370605,22.45499992370605,0,22.45499992370605,22.45499992370605,22.45499992370605
23-09-2021,22.34000015258789,22.34000015258789,100,22.3799991607666,22.3799991607666,22.3799991607666
24-09-2021,22.28499984741211,22.28499984741211,100,22.28499984741211,22.28499984741211,22.28499984741211
27-09-2021,22.295000076293945,22.295000076293945,0,22.295000076293945,22.295000076293945,22.295000076293945
28-09-2021,22.089000701904297,22.089000701904297,0,22.089000701904297,22.089000701904297,22.089000701904297
29-09-2021,22.059999465942383,22.059999465942383,0,22.059999465942383,22.059999465942383,22.059999465942383
30-09-2021,22.04700088500977,22.04700088500977,100,22.04700088500977,22.04700088500977,22.04700088500977
01-10-2021,22.1200008392334,22.1200008392334,100,22.1200008392334,22.1200008392334,22.1200008392334
04-10-2021,22.059999465942383,22.06100082397461,400,22.100000381469727,22.100000381469727,22.100000381469727
05-10-2021,22.024999618530277,22.024999618530277,0,22.024999618530277,22.024999618530277,22.024999618530277
06-10-2021,21.992000579833984,21.992000579833984,100,21.992000579833984,21.992000579833984,21.992000579833984
07-10-2021,21.94499969482422,21.94499969482422,100,21.94499969482422,21.94499969482422,21.94499969482422
08-10-2021,21.84499931335449,21.84499931335449,100,21.84499931335449,21.84499931335449,21.84499931335449
11-10-2021,21.815000534057617,21.815000534057617,100,21.815000534057617,21.815000534057617,21.815000534057617
12-10-2021,21.850000381469727,21.850000381469727,300,21.89900016784668,21.89900016784668,21.89900016784668
13-10-2021,22.018999099731445,22.018999099731445,100,22.018999099731445,22.018999099731445,22.018999099731445
14-10-2021,22.06999969482422,22.11000061035156,2600,22.11000061035156,22.09000015258789,22.09000015258789
15-10-2021,22.030000686645508,22.059999465942383,4500,22.06999969482422,22.04700088500977,22.04700088500977
18-10-2021,22.024999618530277,22.030000686645508,2600,22.048999786376957,22.02899932861328,22.02899932861328
19-10-2021,21.93000030517578,21.93099975585937,400,21.934999465942383,21.934999465942383,21.934999465942383
20-10-2021,21.88500022888184,21.88500022888184,100,21.88500022888184,21.88500022888184,21.88500022888184
21-10-2021,21.81999969482422,21.81999969482422,100,21.81999969482422,21.81999969482422,21.81999969482422
22-10-2021,21.88999938964844,21.88999938964844,0,21.88999938964844,21.88999938964844,21.88999938964844
25-10-2021,21.920000076293945,21.920000076293945,9100,21.96500015258789,21.96500015258789,21.96500015258789
26-10-2021,22.01499938964844,22.01499938964844,100,22.01499938964844,22.01499938964844,22.01499938964844
27-10-2021,22.06999969482422,22.07099914550781,900,22.1299991607666,22.1299991607666,22.1299991607666
28-10-2021,22.05500030517578,22.05500030517578,100,22.05500030517578,22.05500030517578,22.05500030517578
29-10-2021,22.09199905395508,22.09199905395508,0,22.09199905395508,22.09199905395508,22.09199905395508
01-11-2021,22.007999420166016,22.007999420166016,100,22.007999420166016,22.007999420166016,22.007999420166016
02-11-2021,22.065000534057617,22.065000534057617,0,22.065000534057617,22.065000534057617,22.065000534057617
03-11-2021,22.030000686645508,22.030000686645508,300,22.066999435424805,22.066999435424805,22.066999435424805
04-11-2021,22.114999771118164,22.114999771118164,100,22.114999771118164,22.114999771118164,22.114999771118164
05-11-2021,22.261999130249023,22.261999130249023,100,22.261999130249023,22.261999130249023,22.261999130249023
08-11-2021,22.21199989318848,22.21199989318848,500,22.215999603271484,22.215999603271484,22.215999603271484
09-11-2021,22.274999618530277,22.274999618530277,100,22.274999618530277,22.274999618530277,22.274999618530277
10-11-2021,22.07999992370605,22.07999992370605,100,22.07999992370605,22.07999992370605,22.07999992370605
11-11-2021,22.075000762939453,22.075000762939453,0,22.075000762939453,22.075000762939453,22.075000762939453
12-11-2021,21.989999771118164,21.989999771118164,400,22.0,22.0,22.0
15-11-2021,21.905000686645508,21.979999542236328,100,21.979999542236328,21.905000686645508,21.905000686645508
16-11-2021,21.84499931335449,21.84499931335449,0,21.84499931335449,21.84499931335449,21.84499931335449
17-11-2021,21.899999618530277,21.899999618530277,200,21.899999618530277,21.899999618530277,21.899999618530277
18-11-2021,21.920000076293945,21.920000076293945,11300,21.959999084472656,21.959999084472656,21.959999084472656
19-11-2021,22.030000686645508,22.030000686645508,100,22.030000686645508,22.030000686645508,22.030000686645508
22-11-2021,21.8700008392334,21.8700008392334,0,21.8700008392334,21.8700008392334,21.8700008392334
23-11-2021,21.732999801635746,21.732999801635746,100,21.732999801635746,21.732999801635746,21.732999801635746
24-11-2021,21.68000030517578,21.68000030517578,800,21.78499984741211,21.78499984741211,21.78499984741211
26-11-2021,21.93000030517578,21.93000030517578,4800,21.988000869750977,21.988000869750977,21.988000869750977
29-11-2021,22.003999710083008,22.003999710083008,0,22.003999710083008,22.003999710083008,22.003999710083008
30-11-2021,22.04400062561035,22.04400062561035,100,22.04400062561035,22.04400062561035,22.04400062561035
01-12-2021,21.988000869750977,21.988000869750977,100,21.988000869750977,21.988000869750977,21.988000869750977
02-12-2021,22.0,22.0,100,22.011999130249023,22.011999130249023,22.011999130249023
03-12-2021,22.059999465942383,22.059999465942383,6800,22.18000030517578,22.18000030517578,22.18000030517578
06-12-2021,22.09499931335449,22.09499931335449,100,22.09499931335449,22.09499931335449,22.09499931335449
07-12-2021,22.09499931335449,22.09499931335449,0,22.09499931335449,22.09499931335449,22.09499931335449
08-12-2021,21.959999084472656,21.959999084472656,100,21.959999084472656,21.959999084472656,21.959999084472656
09-12-2021,21.940000534057617,21.940000534057617,100,21.940000534057617,21.940000534057617,21.940000534057617
10-12-2021,21.979999542236328,22.030000686645508,300,22.030000686645508,21.979999542236328,21.979999542236328
13-12-2021,22.066999435424805,22.066999435424805,600,22.06999969482422,22.06999969482422,22.06999969482422
14-12-2021,21.975000381469727,21.975000381469727,0,21.975000381469727,21.975000381469727,21.975000381469727
15-12-2021,21.95499992370605,21.95499992370605,2100,21.992000579833984,21.992000579833984,21.992000579833984
16-12-2021,21.979999542236328,21.989999771118164,1800,22.024999618530277,22.00200080871582,22.00200080871582
17-12-2021,22.040000915527344,22.040000915527344,0,22.040000915527344,22.040000915527344,22.040000915527344
20-12-2021,21.972000122070312,21.972000122070312,0,21.972000122070312,21.972000122070312,21.972000122070312
21-12-2021,21.93000030517578,21.96999931335449,5100,21.96999931335449,21.96999931335449,21.96999931335449
22-12-2021,21.93899917602539,21.93899917602539,0,21.93899917602539,21.93899917602539,21.93899917602539
23-12-2021,21.93000030517578,21.93000030517578,0,21.93000030517578,21.93000030517578,21.93000030517578
27-12-2021,21.975000381469727,21.975000381469727,100,21.975000381469727,21.975000381469727,21.975000381469727
28-12-2021,21.959999084472656,21.959999084472656,100,21.959999084472656,21.959999084472656,21.959999084472656
29-12-2021,21.850000381469727,21.850000381469727,0,21.850000381469727,21.850000381469727,21.850000381469727
30-12-2021,21.920000076293945,21.920000076293945,100,21.920000076293945,21.920000076293945,21.920000076293945
31-12-2021,21.90800094604492,21.940000534057617,200,21.940000534057617,21.90800094604492,21.90800094604492
03-01-2022,21.733999252319336,21.733999252319336,100,21.733999252319336,21.733999252319336,21.733999252319336
04-01-2022,21.649999618530277,21.690000534057617,900,21.71999931335449,21.71999931335449,21.71999931335449
05-01-2022,21.59000015258789,21.59000015258789,0,21.59000015258789,21.59000015258789,21.59000015258789
06-01-2022,21.56999969482422,21.56999969482422,0,21.56999969482422,21.56999969482422,21.56999969482422
07-01-2022,21.46999931335449,21.540000915527344,1500,21.540000915527344,21.52400016784668,21.52400016784668
10-01-2022,21.47900009155273,21.47900009155273,0,21.47900009155273,21.47900009155273,21.47900009155273
11-01-2022,21.5,21.5,800,21.540000915527344,21.540000915527344,21.540000915527344
12-01-2022,21.549999237060547,21.549999237060547,0,21.549999237060547,21.549999237060547,21.549999237060547
13-01-2022,21.56999969482422,21.56999969482422,0,21.56999969482422,21.56999969482422,21.56999969482422
14-01-2022,21.43000030517578,21.479999542236328,2000,21.479999542236328,21.43000030517578,21.43000030517578
18-01-2022,21.274999618530277,21.274999618530277,100,21.274999618530277,21.274999618530277,21.274999618530277
19-01-2022,21.28300094604492,21.28300094604492,100,21.28300094604492,21.28300094604492,21.28300094604492
20-01-2022,21.239999771118164,21.239999771118164,0,21.239999771118164,21.239999771118164,21.239999771118164
21-01-2022,21.38999938964844,21.38999938964844,0,21.38999938964844,21.38999938964844,21.38999938964844
24-01-2022,21.358999252319336,21.399999618530277,100,21.399999618530277,21.358999252319336,21.358999252319336
25-01-2022,21.290000915527344,21.290000915527344,0,21.290000915527344,21.290000915527344,21.290000915527344
26-01-2022,21.13999938964844,21.31999969482422,800,21.31999969482422,21.13999938964844,21.13999938964844
27-01-2022,21.165000915527344,21.165000915527344,0,21.165000915527344,21.165000915527344,21.165000915527344
28-01-2022,21.209999084472656,21.209999084472656,0,21.209999084472656,21.209999084472656,21.209999084472656
31-01-2022,21.18000030517578,21.18000030517578,4400,21.209999084472656,21.209999084472656,21.209999084472656
01-02-2022,21.20499992370605,21.20499992370605,0,21.20499992370605,21.20499992370605,21.20499992370605
02-02-2022,21.214000701904297,21.214000701904297,100,21.214000701904297,21.214000701904297,21.214000701904297
03-02-2022,21.059999465942383,21.059999465942383,0,21.059999465942383,21.059999465942383,21.059999465942383
04-02-2022,20.863000869750977,20.93000030517578,100,20.93000030517578,20.863000869750977,20.863000869750977
07-02-2022,20.90999984741211,20.90999984741211,4900,20.920000076293945,20.920000076293945,20.920000076293945
08-02-2022,20.84499931335449,20.84499931335449,100,20.84499931335449,20.84499931335449,20.84499931335449
09-02-2022,20.895000457763672,20.895000457763672,100,20.895000457763672,20.895000457763672,20.895000457763672
10-02-2022,20.649999618530277,20.71999931335449,300,20.71999931335449,20.649999618530277,20.649999618530277
11-02-2022,20.73600006103516,20.73600006103516,100,20.73600006103516,20.73600006103516,20.73600006103516
14-02-2022,20.63999938964844,20.690000534057617,11300,20.729999542236328,20.63999938964844,20.63999938964844
15-02-2022,20.545000076293945,20.600000381469727,100,20.600000381469727,20.545000076293945,20.545000076293945
16-02-2022,20.551000595092773,20.551000595092773,0,20.551000595092773,20.551000595092773,20.551000595092773
17-02-2022,20.57999992370605,20.57999992370605,0,20.57999992370605,20.57999992370605,20.57999992370605
18-02-2022,20.590999603271484,20.590999603271484,0,20.590999603271484,20.590999603271484,20.590999603271484
22-02-2022,20.57999992370605,20.57999992370605,0,20.57999992370605,20.57999992370605,20.57999992370605
23-02-2022,20.479999542236328,20.5,100,20.5,20.479999542236328,20.479999542236328
24-02-2022,20.461000442504883,20.461000442504883,0,20.461000442504883,20.461000442504883,20.461000442504883
25-02-2022,20.551000595092773,20.551000595092773,0,20.551000595092773,20.551000595092773,20.551000595092773
28-02-2022,20.6200008392334,20.6200008392334,600,20.750999450683597,20.750999450683597,20.750999450683597
01-03-2022,20.774999618530277,20.795000076293945,300,20.795000076293945,20.774999618530277,20.774999618530277
02-03-2022,20.527000427246094,20.527000427246094,0,20.527000427246094,20.527000427246094,20.527000427246094
03-03-2022,20.524999618530277,20.524999618530277,200,20.525999069213867,20.525999069213867,20.525999069213867
04-03-2022,20.61000061035156,20.61000061035156,100,20.61000061035156,20.61000061035156,20.61000061035156
07-03-2022,20.40699958801269,20.40699958801269,0,20.40699958801269,20.40699958801269,20.40699958801269
08-03-2022,20.231000900268555,20.231000900268555,100,20.231000900268555,20.231000900268555,20.231000900268555
09-03-2022,20.30500030517578,20.30500030517578,100,20.30500030517578,20.30500030517578,20.30500030517578
10-03-2022,20.09000015258789,20.09000015258789,100,20.09000015258789,20.09000015258789,20.09000015258789
11-03-2022,20.084999084472656,20.084999084472656,0,20.084999084472656,20.084999084472656,20.084999084472656
14-03-2022,19.857999801635746,19.857999801635746,0,19.857999801635746,19.857999801635746,19.857999801635746
15-03-2022,19.952999114990234,19.952999114990234,0,19.952999114990234,19.952999114990234,19.952999114990234
16-03-2022,20.073999404907227,20.073999404907227,0,20.073999404907227,20.073999404907227,20.073999404907227
17-03-2022,20.2450008392334,20.2450008392334,0,20.2450008392334,20.2450008392334,20.2450008392334
18-03-2022,20.24099922180176,20.24099922180176,0,20.24099922180176,20.24099922180176,20.24099922180176
21-03-2022,20.03499984741211,20.07999992370605,200,20.07999992370605,20.03499984741211,20.03499984741211
22-03-2022,19.96500015258789,19.96500015258789,100,19.96500015258789,19.96500015258789,19.96500015258789
23-03-2022,19.920000076293945,19.920000076293945,100,19.920000076293945,19.920000076293945,19.920000076293945
24-03-2022,20.0,20.0,1800,20.059999465942383,20.059999465942383,20.059999465942383
25-03-2022,19.8700008392334,19.88999938964844,3600,19.90999984741211,19.90999984741211,19.90999984741211
28-03-2022,19.989999771118164,19.996000289916992,100,19.996000289916992,19.989999771118164,19.989999771118164
29-03-2022,20.13500022888184,20.13500022888184,0,20.13500022888184,20.13500022888184,20.13500022888184
30-03-2022,20.187000274658203,20.187000274658203,0,20.187000274658203,20.187000274658203,20.187000274658203
31-03-2022,20.19499969482422,20.19499969482422,100,20.19499969482422,20.19499969482422,20.19499969482422
01-04-2022,20.149999618530277,20.149999618530277,0,20.149999618530277,20.149999618530277,20.149999618530277
04-04-2022,20.059999465942383,20.059999465942383,4500,20.165000915527344,20.165000915527344,20.165000915527344
05-04-2022,19.934999465942383,19.934999465942383,0,19.934999465942383,19.934999465942383,19.934999465942383
06-04-2022,19.78499984741211,19.78499984741211,100,19.78499984741211,19.78499984741211,19.78499984741211
07-04-2022,19.7549991607666,19.7549991607666,100,19.7549991607666,19.7549991607666,19.7549991607666
08-04-2022,19.604999542236328,19.604999542236328,100,19.604999542236328,19.604999542236328,19.604999542236328
11-04-2022,19.459999084472656,19.47800064086914,800,19.47800064086914,19.459999084472656,19.459999084472656
12-04-2022,19.51000022888184,19.51000022888184,100,19.51000022888184,19.51000022888184,19.51000022888184
13-04-2022,19.538000106811523,19.538000106811523,0,19.538000106811523,19.538000106811523,19.538000106811523
14-04-2022,19.38999938964844,19.38999938964844,0,19.38999938964844,19.38999938964844,19.38999938964844
18-04-2022,19.20599937438965,19.20599937438965,900,19.25,19.25,19.25
19-04-2022,19.125,19.125,0,19.125,19.125,19.125
20-04-2022,19.270000457763672,19.270000457763672,100,19.270000457763672,19.270000457763672,19.270000457763672
21-04-2022,19.06999969482422,19.06999969482422,100,19.06999969482422,19.06999969482422,19.06999969482422
22-04-2022,19.084999084472656,19.084999084472656,0,19.084999084472656,19.084999084472656,19.084999084472656
25-04-2022,19.225000381469727,19.225000381469727,0,19.225000381469727,19.225000381469727,19.225000381469727
26-04-2022,19.280000686645508,19.280000686645508,100,19.280000686645508,19.280000686645508,19.280000686645508
27-04-2022,19.13999938964844,19.13999938964844,100,19.13999938964844,19.13999938964844,19.13999938964844
28-04-2022,19.05500030517578,19.05500030517578,0,19.05500030517578,19.05500030517578,19.05500030517578
29-04-2022,18.9950008392334,18.9950008392334,0,18.9950008392334,18.9950008392334,18.9950008392334
02-05-2022,18.65999984741211,18.690000534057617,500,18.75,18.75,18.75
03-05-2022,18.934999465942383,18.934999465942383,100,18.934999465942383,18.934999465942383,18.934999465942383
04-05-2022,19.045000076293945,19.045000076293945,0,19.045000076293945,19.045000076293945,19.045000076293945
05-05-2022,18.75900077819824,18.75900077819824,0,18.75900077819824,18.75900077819824,18.75900077819824
06-05-2022,18.725000381469727,18.725000381469727,0,18.725000381469727,18.725000381469727,18.725000381469727
09-05-2022,18.69499969482422,18.69499969482422,100,18.69499969482422,18.69499969482422,18.69499969482422
10-05-2022,18.73200035095215,18.82999992370605,5400,18.891000747680664,18.8700008392334,18.8700008392334
11-05-2022,18.8700008392334,18.8700008392334,200,18.8700008392334,18.8700008392334,18.8700008392334
12-05-2022,18.93000030517578,18.93000030517578,0,18.93000030517578,18.93000030517578,18.93000030517578
13-05-2022,18.649999618530277,18.649999618530277,200,18.74099922180176,18.74099922180176,18.74099922180176
16-05-2022,18.84000015258789,18.84000015258789,0,18.84000015258789,18.84000015258789,18.84000015258789
17-05-2022,18.69499969482422,18.69499969482422,0,18.69499969482422,18.69499969482422,18.69499969482422
18-05-2022,18.75,18.75,0,18.75,18.75,18.75
19-05-2022,18.8700008392334,18.8700008392334,0,18.8700008392334,18.8700008392334,18.8700008392334
20-05-2022,18.895000457763672,18.895000457763672,0,18.895000457763672,18.895000457763672,18.895000457763672
23-05-2022,18.875,18.875,100,18.875,18.875,18.875
24-05-2022,19.049999237060547,19.049999237060547,0,19.049999237060547,19.049999237060547,19.049999237060547
25-05-2022,19.20800018310547,19.20800018310547,0,19.20800018310547,19.20800018310547,19.20800018310547
26-05-2022,19.25,19.25,0,19.25,19.25,19.25
27-05-2022,19.315000534057617,19.315000534057617,0,19.315000534057617,19.315000534057617,19.315000534057617
31-05-2022,19.18000030517578,19.18000030517578,0,19.18000030517578,19.18000030517578,19.18000030517578
01-06-2022,19.045000076293945,19.045000076293945,0,19.045000076293945,19.045000076293945,19.045000076293945
02-06-2022,19.040000915527344,19.040000915527344,0,19.040000915527344,19.040000915527344,19.040000915527344
03-06-2022,18.96999931335449,18.96999931335449,100,18.96999931335449,18.96999931335449,18.96999931335449
06-06-2022,18.809999465942383,18.84000015258789,3000,18.864999771118164,18.864999771118164,18.864999771118164
07-06-2022,18.799999237060547,18.799999237060547,5500,18.975000381469727,18.975000381469727,18.975000381469727
08-06-2022,18.93199920654297,18.93199920654297,100,18.93199920654297,18.93199920654297,18.93199920654297
09-06-2022,18.774999618530277,18.774999618530277,100,18.774999618530277,18.774999618530277,18.774999618530277
10-06-2022,18.59499931335449,18.59499931335449,200,18.59499931335449,18.59499931335449,18.59499931335449
13-06-2022,18.23200035095215,18.23200035095215,100,18.23200035095215,18.23200035095215,18.23200035095215
14-06-2022,18.18000030517578,18.18000030517578,100,18.18000030517578,18.18000030517578,18.18000030517578
15-06-2022,18.3799991607666,18.3799991607666,0,18.3799991607666,18.3799991607666,18.3799991607666
16-06-2022,18.482999801635746,18.5,200,18.5,18.482999801635746,18.482999801635746
17-06-2022,18.4950008392334,18.4950008392334,100,18.4950008392334,18.4950008392334,18.4950008392334
21-06-2022,18.334999084472656,18.334999084472656,0,18.334999084472656,18.334999084472656,18.334999084472656
22-06-2022,18.3700008392334,18.3700008392334,100,18.434999465942383,18.434999465942383,18.434999465942383
23-06-2022,18.530000686645508,18.530000686645508,900,18.59499931335449,18.59499931335449,18.59499931335449
24-06-2022,18.604999542236328,18.604999542236328,0,18.604999542236328,18.604999542236328,18.604999542236328
27-06-2022,18.46500015258789,18.46500015258789,0,18.46500015258789,18.46500015258789,18.46500015258789
28-06-2022,18.36599922180176,18.36599922180176,100,18.36599922180176,18.36599922180176,18.36599922180176
29-06-2022,18.489999771118164,18.489999771118164,0,18.489999771118164,18.489999771118164,18.489999771118164
30-06-2022,18.60099983215332,18.60099983215332,0,18.60099983215332,18.60099983215332,18.60099983215332
01-07-2022,18.684999465942383,18.684999465942383,0,18.684999465942383,18.684999465942383,18.684999465942383
05-07-2022,18.763999938964844,18.763999938964844,100,18.763999938964844,18.763999938964844,18.763999938964844
06-07-2022,18.71500015258789,18.71500015258789,100,18.71500015258789,18.71500015258789,18.71500015258789
07-07-2022,18.674999237060547,18.674999237060547,100,18.674999237060547,18.674999237060547,18.674999237060547
08-07-2022,18.650999069213867,18.650999069213867,0,18.650999069213867,18.650999069213867,18.650999069213867
11-07-2022,18.71699905395508,18.71699905395508,100,18.71699905395508,18.71699905395508,18.71699905395508
12-07-2022,18.729999542236328,18.729999542236328,100,18.729999542236328,18.729999542236328,18.729999542236328
13-07-2022,18.82999992370605,18.82999992370605,100,18.82999992370605,18.82999992370605,18.82999992370605
14-07-2022,18.75,18.75,0,18.75,18.75,18.75
15-07-2022,18.854999542236328,18.854999542236328,0,18.854999542236328,18.854999542236328,18.854999542236328
18-07-2022,18.777999877929688,18.777999877929688,100,18.777999877929688,18.777999877929688,18.777999877929688
19-07-2022,18.767000198364254,18.767000198364254,0,18.767000198364254,18.767000198364254,18.767000198364254
20-07-2022,18.770000457763672,18.770000457763672,0,18.770000457763672,18.770000457763672,18.770000457763672
21-07-2022,18.98600006103516,18.98600006103516,100,18.98600006103516,18.98600006103516,18.98600006103516
22-07-2022,19.09000015258789,19.100000381469727,200,19.100000381469727,19.09000015258789,19.09000015258789
25-07-2022,18.99399948120117,18.99399948120117,0,18.99399948120117,18.99399948120117,18.99399948120117
26-07-2022,19.00900077819824,19.00900077819824,0,19.00900077819824,19.00900077819824,19.00900077819824
27-07-2022,19.097999572753903,19.097999572753903,0,19.097999572753903,19.097999572753903,19.097999572753903
28-07-2022,19.1299991607666,19.170000076293945,1800,19.170000076293945,19.15999984741211,19.15999984741211
29-07-2022,19.291000366210938,19.299999237060547,200,19.299999237060547,19.291000366210938,19.291000366210938
01-08-2022,19.19700050354004,19.19700050354004,100,19.19700050354004,19.19700050354004,19.19700050354004
02-08-2022,19.049999237060547,19.049999237060547,0,19.049999237060547,19.049999237060547,19.049999237060547
03-08-2022,19.170000076293945,19.170000076293945,0,19.170000076293945,19.170000076293945,19.170000076293945
04-08-2022,19.21999931335449,19.229999542236328,7900,19.23500061035156,19.23500061035156,19.23500061035156
05-08-2022,18.989999771118164,18.989999771118164,0,18.989999771118164,18.989999771118164,18.989999771118164
08-08-2022,19.114999771118164,19.114999771118164,100,19.114999771118164,19.114999771118164,19.114999771118164
09-08-2022,19.020000457763672,19.020000457763672,100,19.020000457763672,19.020000457763672,19.020000457763672
10-08-2022,19.1200008392334,19.1200008392334,900,19.13800048828125,19.13800048828125,19.13800048828125
11-08-2022,19.040000915527344,19.040000915527344,100,19.040000915527344,19.040000915527344,19.040000915527344
12-08-2022,19.128999710083008,19.128999710083008,0,19.128999710083008,19.128999710083008,19.128999710083008
15-08-2022,19.229999542236328,19.229999542236328,0,19.229999542236328,19.229999542236328,19.229999542236328
16-08-2022,19.11000061035156,19.11000061035156,100,19.11000061035156,19.11000061035156,19.11000061035156
17-08-2022,18.992000579833984,18.992000579833984,0,18.992000579833984,18.992000579833984,18.992000579833984
18-08-2022,19.020000457763672,19.020000457763672,0,19.020000457763672,19.020000457763672,19.020000457763672
19-08-2022,18.799999237060547,18.799999237060547,0,18.799999237060547,18.799999237060547,18.799999237060547
22-08-2022,18.69499969482422,18.69499969482422,200,18.725000381469727,18.725000381469727,18.725000381469727
23-08-2022,18.75,18.75,0,18.75,18.75,18.75
24-08-2022,18.655000686645508,18.655000686645508,0,18.655000686645508,18.655000686645508,18.655000686645508
25-08-2022,18.825000762939453,18.825000762939453,0,18.825000762939453,18.825000762939453,18.825000762939453
26-08-2022,18.729999542236328,18.729999542236328,100,18.729999542236328,18.729999542236328,18.729999542236328
29-08-2022,18.6200008392334,18.6200008392334,0,18.6200008392334,18.6200008392334,18.6200008392334
30-08-2022,18.597000122070312,18.597000122070312,0,18.597000122070312,18.597000122070312,18.597000122070312
31-08-2022,18.48900032043457,18.48900032043457,100,18.48900032043457,18.48900032043457,18.48900032043457
01-09-2022,18.29199981689453,18.29199981689453,100,18.29199981689453,18.29199981689453,18.29199981689453
02-09-2022,18.399999618530277,18.399999618530277,0,18.399999618530277,18.399999618530277,18.399999618530277
06-09-2022,18.16900062561035,18.16900062561035,0,18.16900062561035,18.16900062561035,18.16900062561035
07-09-2022,18.31999969482422,18.31999969482422,100,18.31999969482422,18.31999969482422,18.31999969482422
08-09-2022,18.34499931335449,18.34499931335449,0,18.34499931335449,18.34499931335449,18.34499931335449
09-09-2022,18.3700008392334,18.3700008392334,100,18.3700008392334,18.3700008392334,18.3700008392334
12-09-2022,18.325000762939453,18.325000762939453,100,18.325000762939453,18.325000762939453,18.325000762939453
13-09-2022,18.170000076293945,18.170000076293945,100,18.170000076293945,18.170000076293945,18.170000076293945
14-09-2022,18.26000022888184,18.26000022888184,0,18.26000022888184,18.26000022888184,18.26000022888184
15-09-2022,18.190000534057617,18.190000534057617,100,18.190000534057617,18.190000534057617,18.190000534057617
16-09-2022,18.149999618530277,18.149999618530277,0,18.149999618530277,18.149999618530277,18.149999618530277
19-09-2022,18.155000686645508,18.155000686645508,100,18.155000686645508,18.155000686645508,18.155000686645508
20-09-2022,18.040000915527344,18.040000915527344,100,18.040000915527344,18.040000915527344,18.040000915527344
21-09-2022,18.059999465942383,18.059999465942383,0,18.059999465942383,18.059999465942383,18.059999465942383
22-09-2022,17.844999313354492,17.844999313354492,100,17.844999313354492,17.844999313354492,17.844999313354492
23-09-2022,17.81999969482422,17.81999969482422,0,17.81999969482422,17.81999969482422,17.81999969482422
26-09-2022,17.614999771118164,17.614999771118164,100,17.614999771118164,17.614999771118164,17.614999771118164
27-09-2022,17.368000030517578,17.450000762939453,500,17.450000762939453,17.368000030517578,17.368000030517578
28-09-2022,17.594999313354492,17.594999313354492,0,17.594999313354492,17.594999313354492,17.594999313354492
29-09-2022,17.503000259399414,17.503000259399414,0,17.503000259399414,17.503000259399414,17.503000259399414
30-09-2022,17.540000915527344,17.540000915527344,0,17.540000915527344,17.540000915527344,17.540000915527344
03-10-2022,17.725000381469727,17.725000381469727,0,17.725000381469727,17.725000381469727,17.725000381469727
04-10-2022,17.795000076293945,17.795000076293945,0,17.795000076293945,17.795000076293945,17.795000076293945
05-10-2022,17.600000381469727,17.600000381469727,0,17.600000381469727,17.600000381469727,17.600000381469727
06-10-2022,17.62299919128418,17.62299919128418,0,17.62299919128418,17.62299919128418,17.62299919128418
07-10-2022,17.488000869750977,17.488000869750977,100,17.488000869750977,17.488000869750977,17.488000869750977
10-10-2022,17.295000076293945,17.295000076293945,0,17.295000076293945,17.295000076293945,17.295000076293945
11-10-2022,17.295000076293945,17.295000076293945,100,17.295000076293945,17.295000076293945,17.295000076293945
12-10-2022,17.274999618530273,17.274999618530273,100,17.274999618530273,17.274999618530273,17.274999618530273
13-10-2022,17.31999969482422,17.31999969482422,100,17.31999969482422,17.31999969482422,17.31999969482422
14-10-2022,17.19700050354004,17.19700050354004,0,17.19700050354004,17.19700050354004,17.19700050354004
17-10-2022,17.260000228881836,17.260000228881836,0,17.260000228881836,17.260000228881836,17.260000228881836
18-10-2022,17.344999313354492,17.344999313354492,0,17.344999313354492,17.344999313354492,17.344999313354492
19-10-2022,17.200000762939453,17.200000762939453,100,17.239999771118164,17.239999771118164,17.239999771118164
20-10-2022,17.020000457763672,17.020000457763672,100,17.020000457763672,17.020000457763672,17.020000457763672
21-10-2022,17.024999618530273,17.024999618530273,0,17.024999618530273,17.024999618530273,17.024999618530273
24-10-2022,17.054000854492188,17.054000854492188,100,17.054000854492188,17.054000854492188,17.054000854492188
25-10-2022,17.209999084472656,17.209999084472656,0,17.209999084472656,17.209999084472656,17.209999084472656
26-10-2022,17.299999237060547,17.299999237060547,0,17.299999237060547,17.299999237060547,17.299999237060547
27-10-2022,17.350000381469727,17.350000381469727,0,17.350000381469727,17.350000381469727,17.350000381469727
28-10-2022,17.31999969482422,17.31999969482422,100,17.31999969482422,17.31999969482422,17.31999969482422
31-10-2022,17.29599952697754,17.29599952697754,100,17.29599952697754,17.29599952697754,17.29599952697754
01-11-2022,17.347999572753906,17.347999572753906,0,17.347999572753906,17.347999572753906,17.347999572753906
02-11-2022,17.290000915527344,17.290000915527344,0,17.290000915527344,17.290000915527344,17.290000915527344
03-11-2022,17.19499969482422,17.19499969482422,100,17.19499969482422,17.19499969482422,17.19499969482422
04-11-2022,17.204999923706055,17.204999923706055,100,17.204999923706055,17.204999923706055,17.204999923706055
07-11-2022,17.19499969482422,17.19499969482422,0,17.19499969482422,17.19499969482422,17.19499969482422
08-11-2022,17.2549991607666,17.2549991607666,100,17.2549991607666,17.2549991607666,17.2549991607666
09-11-2022,17.190000534057617,17.190000534057617,100,17.190000534057617,17.190000534057617,17.190000534057617
10-11-2022,17.65999984741211,17.65999984741211,300,17.725000381469727,17.725000381469727,17.725000381469727
11-11-2022,17.760000228881836,17.760000228881836,0,17.760000228881836,17.760000228881836,17.760000228881836
14-11-2022,17.701000213623047,17.701000213623047,100,17.701000213623047,17.701000213623047,17.701000213623047
15-11-2022,17.858999252319336,17.858999252319336,100,17.858999252319336,17.858999252319336,17.858999252319336
16-11-2022,17.975000381469727,17.975000381469727,0,17.975000381469727,17.975000381469727,17.975000381469727
17-11-2022,17.915000915527344,17.915000915527344,0,17.915000915527344,17.915000915527344,17.915000915527344
18-11-2022,17.8700008392334,17.8700008392334,100,17.8700008392334,17.8700008392334,17.8700008392334
21-11-2022,17.860000610351562,17.860000610351562,100,17.860000610351562,17.860000610351562,17.860000610351562
22-11-2022,17.959999084472656,17.969999313354492,400,17.979999542236328,17.969999313354492,17.969999313354492
23-11-2022,18.11000061035156,18.11000061035156,100,18.11000061035156,18.11000061035156,18.11000061035156
25-11-2022,18.149999618530277,18.149999618530277,100,18.149999618530277,18.149999618530277,18.149999618530277
28-11-2022,18.020000457763672,18.020000457763672,100,18.09000015258789,18.09000015258789,18.09000015258789
29-11-2022,18.013999938964844,18.013999938964844,0,18.013999938964844,18.013999938964844,18.013999938964844
30-11-2022,18.06999969482422,18.06999969482422,200,18.142000198364254,18.142000198364254,18.142000198364254
01-12-2022,18.239999771118164,18.25,8200,18.350000381469727,18.350000381469727,18.350000381469727
02-12-2022,18.280000686645508,18.32900047302246,5200,18.44499969482422,18.44499969482422,18.44499969482422
05-12-2022,18.299999237060547,18.309999465942383,1700,18.347999572753903,18.347999572753903,18.347999572753903
06-12-2022,18.364999771118164,18.364999771118164,100,18.364999771118164,18.364999771118164,18.364999771118164
07-12-2022,18.5,18.5,0,18.5,18.5,18.5
08-12-2022,18.4950008392334,18.4950008392334,100,18.4950008392334,18.4950008392334,18.4950008392334
09-12-2022,18.415000915527344,18.415000915527344,100,18.415000915527344,18.415000915527344,18.415000915527344
